ID,user_id,item_id
169,169,"56702,2030,30240,35079,7660,7820,12493,53139,11204,65205"
530,530,"40436,26206,14949,17474,5619,159,22197,51843,63657,21202"
596,596,"57671,34057,21623,7032,9229,53882,51320,37444,7491,15369"
622,622,"17755,3735,61101,12412,2228,37985,1413,26208,29249,35733"
1047,1047,"54597,34131,23165,35074,2800,31504,37182,62070,33308,55783"
1275,1275,"7159,600,7631,28085,3146,64583,15150,6637,55922,54925"
2399,2399,"60436,40278,41511,46753,20624,19440,51537,39177,39258,44062"
2912,2912,"41227,72,51080,21092,32084,62845,51372,34456,38824,14102"
4269,4269,"10521,1020,14221,22249,21000,58863,55262,42932,10665,15063"
4313,4313,"17941,4868,37645,25139,15868,45595,4301,13679,16858,52076"
4433,4433,"28340,51956,49847,21193,733,49034,54777,22361,26313,26794"
5125,5125,"54067,42170,47479,10322,30234,22435,36514,63279,10206,13701"
5520,5520,"34293,13757,38863,11359,63888,36770,13592,60112,63623,47037"
5728,5728,"59865,10182,3509,9660,35293,1582,57928,4134,19687,15691"
5744,5744,"17914,21472,11996,56114,17462,50123,3182,7285,25608,31034"
6675,6675,"40015,55579,17701,43747,37458,52742,55435,32894,28340,33777"
6828,6828,"63851,40608,16728,33990,46538,40258,58055,32341,22810,35719"
7015,7015,"15878,39219,33361,24466,55382,26404,59782,27600,43360,59342"
7113,7113,"41829,49286,7053,34341,29874,53247,2532,45874,45380,5580"
7886,7886,"59774,40093,60947,59088,38592,47161,43731,47697,20943,25266"
7959,7959,"17470,33418,54593,40266,16427,7062,31080,38096,32301,34545"
8196,8196,"25955,30913,38210,4487,27121,47910,52802,15456,658,39868"
10816,10816,"13528,48156,8930,57798,51409,17891,27446,56578,41615,19392"
10875,10875,"31100,53610,4242,42731,7781,32812,8510,52856,14650,33189"
11204,11204,"48818,60934,22240,27294,30317,13606,28324,61225,50993,1229"
11340,11340,"65017,44440,19336,37483,4430,46221,57244,49266,54889,57960"
11442,11442,"27248,26411,56147,91,33348,51149,47617,49283,11334,18709"
12464,12464,"48680,62616,36278,45472,49964,30215,63987,51817,41464,11626"
12495,12495,"4814,28684,32707,61566,28650,22347,65093,55912,64301,16249"
12616,12616,"28382,7098,50293,37835,4319,10748,45449,467,45208,33376"
12757,12757,"11099,9338,59078,21842,57359,42597,33213,13429,52156,55282"
12882,12882,"3739,26525,28737,59719,17810,28174,58544,42169,8083,15485"
12941,12941,"8428,50710,9233,15416,27298,2291,21008,14198,32037,8667"
13158,13158,"27625,19488,45235,64851,37405,14688,50409,55491,3291,26266"
13169,13169,"5850,13140,59345,11271,46695,48809,3845,21658,59431,64403"
13248,13248,"39524,44671,59207,52442,4524,15532,45351,29113,37985,29612"
13406,13406,"50258,382,63421,20618,56714,42882,4378,37032,46375,45267"
13765,13765,"63392,13214,16079,9682,10222,4307,42361,40436,59631,5929"
13816,13816,"677,50065,44145,10400,54802,6835,33825,33637,48571,6499"
14599,14599,"9514,16339,44329,60010,14651,1955,17848,32861,30228,152"
14793,14793,"19983,1863,3481,23656,53754,21775,20067,50664,36596,9387"
15193,15193,"41388,37068,44234,30088,2388,36484,30652,27202,57622,13117"
15259,15259,"20107,21641,63367,20059,65081,10960,20217,23861,61922,8030"
15595,15595,"44161,39670,15779,60496,44107,40283,57087,43986,13474,49565"
15866,15866,"59123,24095,27470,37876,14129,1059,56670,32183,34666,12086"
16484,16484,"42280,24285,59364,21820,41464,51817,49964,30215,63987,11626"
16707,16707,"13464,56270,49721,9874,15120,7755,8942,28423,49918,56109"
16918,16918,"40015,55579,17701,43747,37458,52742,55435,32894,28340,33777"
17682,17682,"39415,4170,40968,32535,42165,56158,47795,8729,36626,13590"
18615,18615,"44716,44674,28817,47396,20491,45557,4918,59921,1328,43958"
18644,18644,"48755,50857,31489,43184,59768,22315,37191,17769,5459,35312"
18718,18718,"13356,17108,54197,43399,23300,43107,17028,22219,47659,59464"
19391,19391,"5714,61491,37818,50665,753,31993,54711,215,23760,3437"
20183,20183,"17590,31965,32795,12280,1440,47373,14517,4888,52981,13984"
20244,20244,"55615,53758,37818,5714,61491,753,56099,31993,54711,215"
20267,20267,"13067,13757,4683,34293,44153,31827,54328,49934,9392,29881"
20747,20747,"28814,36710,41294,56892,54522,53636,28075,14493,48532,55646"
20879,20879,"48122,23954,62681,36055,53780,30582,21982,240,13448,26230"
21424,21424,"59373,42144,4436,46314,49301,20728,9254,35353,43537,16729"
22241,22241,"52682,2791,16889,27255,53151,16829,12072,43258,60380,47590"
22450,22450,"44917,33413,46245,19385,4869,44582,32273,54209,19441,25952"
22960,22960,"30404,54703,10789,18157,21966,34655,19561,23565,42153,19465"
23855,23855,"19007,28943,48080,18586,36168,7449,21492,22713,52448,7490"
24060,24060,"9176,29613,39084,36009,6688,8832,49122,30490,8282,34462"
24166,24166,"17701,23132,16787,49778,7458,57006,11459,60987,51361,43380"
24203,24203,"53867,488,31194,54188,27988,37486,11524,30580,17086,63318"
25297,25297,"3765,20522,18860,8148,61970,20190,3088,25297,43811,1271"
25430,25430,"33777,23884,37491,54247,6057,22302,18154,44399,57371,33158"
25473,25473,"33107,53885,19034,44320,56230,54731,35938,15901,14001,16174"
25481,25481,"5782,52221,963,6539,36051,31644,41378,53127,53383,56511"
26076,26076,"63628,14148,9877,3151,56543,43473,44124,61784,62183,65279"
26618,26618,"19115,41970,24177,16412,55012,5327,59394,15033,34218,64214"
27497,27497,"31118,59661,26700,24851,14496,13513,48127,46164,1269,48754"
27523,27523,"10146,15662,50700,2878,49270,48465,9268,32787,30909,2299"
27792,27792,"34059,7815,25270,23687,37570,56727,25627,902,6160,27786"
27818,27818,"32875,47844,30705,17012,2675,62275,167,48521,55148,29578"
28339,28339,"5027,49098,56672,17256,51372,53383,42722,3696,50290,8444"
28361,28361,"31267,31857,35329,39446,1245,8871,16479,43608,60632,12544"
29324,29324,"33012,2717,3381,63993,7298,9659,6938,57992,3310,39022"
29488,29488,"15672,30282,64129,52580,7270,16116,9815,38075,25083,52195"
29703,29703,"40015,55579,17701,43747,37458,52742,55435,32894,28340,33777"
29836,29836,"63848,42470,43595,59677,55208,58,42353,6013,57067,47787"
30171,30171,"40114,63946,9855,47906,24936,64376,17734,13401,33187,44663"
30192,30192,"60798,31332,29537,32990,106,16554,53636,34679,39654,47514"
30194,30194,"59334,57464,4305,32816,44839,33122,3546,50229,40325,23157"
30227,30227,"40015,55579,17701,43747,37458,52742,55435,32894,28340,33777"
30649,30649,"45064,41808,50412,1151,32922,30897,49734,34342,15989,15409"
30946,30946,"25172,58689,33757,49462,1073,11697,40289,19288,40836,16861"
31904,31904,"33929,61254,48855,58288,40414,4107,34321,60249,54753,20781"
32207,32207,"40926,32300,37791,19109,62637,31545,23435,13991,47588,55255"
32298,32298,"16581,25446,46256,19593,48915,6875,54230,44603,35458,19798"
32814,32814,"42970,59326,50877,43220,36352,25284,19132,14876,50273,51722"
32876,32876,"6817,17385,37478,60909,28720,17826,58303,36350,52200,14344"
33092,33092,"588,36771,63271,16046,22091,40704,5515,17677,24404,10303"
33481,33481,"10797,36332,50939,29830,13827,31248,61145,21616,35460,9280"
33585,33585,"15613,49112,43331,17328,19544,40337,36643,33027,9859,50717"
33684,33684,"40015,55579,17701,43747,37458,52742,55435,32894,28340,33777"
33871,33871,"22606,45668,50251,3483,30851,61374,14906,7334,3288,3505"
34684,34684,"24370,52395,29061,9168,26780,56323,4739,2446,46331,24885"
34691,34691,"10862,58631,47822,22264,8341,40200,4692,24632,34255,38095"
35126,35126,"21935,4641,26856,2292,16952,6872,28336,22009,47740,14519"
35197,35197,"12474,12284,50423,5217,33858,18133,13487,36286,15552,27694"
35578,35578,"49934,54328,13683,9392,29881,17887,46460,46367,15153,10914"
36314,36314,"63200,18287,32564,61300,27873,9040,62606,31089,44110,35857"
36783,36783,"38363,29465,9595,49567,29455,56903,1160,27952,49948,43148"
36794,36794,"60511,14292,29012,534,19906,40878,991,19618,53686,1167"
37959,37959,"44067,34425,36787,47912,55983,11928,38138,65067,47169,20955"
38579,38579,"40015,55579,17701,43747,37458,52742,55435,32894,28340,33777"
38796,38796,"40015,55579,17701,43747,37458,52742,55435,32894,28340,33777"
38887,38887,"24612,41480,26451,23511,44169,21962,28751,41213,35530,31801"
38973,38973,"13813,10727,44088,54974,31853,25879,11075,48565,63158,10050"
39020,39020,"40015,55579,17701,43747,37458,52742,55435,32894,28340,33777"
39239,39239,"39790,6163,31345,63332,24379,23450,4715,15770,31450,54800"
40282,40282,"12545,32697,53930,8940,34021,7430,8438,41192,29542,47585"
40845,40845,"13067,33718,63527,39535,63311,43808,39537,29163,30223,63623"
41667,41667,"17701,57006,7458,11459,16787,51361,60987,43380,22335,54910"
42019,42019,"9787,44917,46245,19385,4869,44582,32273,54209,19441,25952"
42214,42214,"52660,34249,32423,61987,6502,20519,40335,33563,59595,31793"
43483,43483,"22780,24450,27949,24204,44133,41106,31085,5110,16161,45534"
43789,43789,"32958,1299,36169,25677,13720,685,44915,8659,47838,59645"
43867,43867,"5958,3629,26807,9349,40618,33300,31408,31322,11129,15856"
43937,43937,"60536,19838,9732,19466,5728,11303,15475,10335,48022,39976"
44053,44053,"3129,50197,19710,24470,53826,6343,2023,33132,7666,43345"
44440,44440,"15523,59157,32078,46774,11152,53779,60326,3591,5265,22276"
44441,44441,"23959,15244,41071,1858,29052,49402,63384,23197,57328,16549"
45424,45424,"40017,9689,6643,41930,4482,61031,45805,45621,46775,10869"
45576,45576,"7508,16501,50296,33766,24816,24427,17490,29047,59524,45519"
45834,45834,"29966,47505,20618,59012,22324,23264,29482,53024,54909,15754"
46585,46585,"40015,55579,17701,43747,37458,52742,55435,32894,28340,33777"
46609,46609,"40015,55579,17701,43747,37458,52742,55435,32894,28340,33777"
46965,46965,"47707,50792,58114,48050,15760,38396,49998,33205,37009,2364"
47013,47013,"976,49091,13804,40684,50699,29822,11757,56710,47817,3651"
47189,47189,"48579,38600,56829,41631,58500,3402,64244,62140,22941,34441"
47361,47361,"25411,33781,48592,4346,57978,56461,19654,29222,10021,50196"
47441,47441,"40015,55579,17701,43747,37458,52742,55435,32894,28340,33777"
48360,48360,"43271,36675,24064,15536,15875,57706,24967,43080,7168,24963"
48519,48519,"43501,56890,35459,61125,27425,13063,14628,12424,39193,49252"
48705,48705,"11304,17407,41357,58104,37573,57631,21816,43455,33278,49156"
48870,48870,"16565,40103,21248,22863,57640,48704,8656,46661,54676,40782"
49357,49357,"35903,43584,13218,27103,33091,39268,53074,59835,38200,59512"
50032,50032,"5549,9842,62087,18480,41995,9225,46155,27843,21817,23016"
50523,50523,"20033,15251,1639,58872,4597,54141,663,32421,57622,15842"
50812,50812,"61535,42192,49723,44033,44135,44965,36345,39117,38194,13188"
51095,51095,"8532,52449,27447,11387,14708,45225,58506,2357,28517,42639"
51121,51121,"15585,45451,14718,44000,32408,50871,12229,29442,59101,24892"
51216,51216,"62091,29346,51157,15508,62140,20263,64244,3402,58500,41631"
52111,52111,"13484,24340,5645,42308,40410,13901,21947,42835,20003,30019"
52790,52790,"7274,52907,26523,13506,31379,28344,23006,45341,1338,53113"
53114,53114,"57346,51440,28926,55545,27428,45930,48366,2218,59925,12741"
53617,53617,"8364,50038,54302,51149,33348,10931,6509,55034,8967,32208"
53903,53903,"50769,5326,48508,21709,49483,43734,51905,34714,4211,13171"
53937,53937,"56734,47539,6855,30813,52106,9505,24773,37146,1826,14736"
54306,54306,"4303,28132,10484,9846,30630,60820,30508,52672,7482,44813"
55378,55378,"4426,13375,18892,18658,28416,49503,8654,29200,44981,39318"
55871,55871,"58474,57327,6792,4636,18811,22915,12290,27975,47528,50741"
55890,55890,"5399,24680,24441,16169,23817,37610,9812,30432,4203,59713"
56080,56080,"64244,20263,58500,41631,56829,38600,48579,62140,64741,6525"
56175,56175,"55319,30485,18770,48673,43426,30246,13855,64392,32143,46286"
56194,56194,"17252,3830,42000,62198,40725,4508,27300,57163,28031,61952"
56930,56930,"36551,53226,56195,34905,63683,57812,58666,47259,2996,1536"
57702,57702,"39997,32895,35827,49618,15350,42484,5393,29080,43387,36380"
57774,57774,"26734,3739,20665,13739,27423,27681,30904,63052,26525,59719"
57807,57807,"41557,32564,35708,28170,6266,37905,41063,49701,50185,4513"
58315,58315,"28642,9333,47151,13953,6309,63499,7540,24501,48533,33168"
58832,58832,"54899,62412,48393,9350,62140,64244,3402,41631,56829,38600"
59053,59053,"25208,44492,9857,27320,62136,3444,16292,20810,42730,3108"
59055,59055,"29270,39388,12777,38306,24346,4948,63173,12345,11405,4585"
59299,59299,"1343,44107,12302,24698,44161,39670,15779,59451,60496,8563"
59570,59570,"23636,18136,20460,58943,54837,13913,50298,51457,45954,34212"
59689,59689,"1835,44353,45994,23632,56435,41198,45604,44484,24922,42534"
59906,59906,"64746,31772,14471,47867,29071,32060,27575,19440,2751,41511"
60819,60819,"40015,55579,17701,43747,37458,52742,55435,32894,28340,33777"
61061,61061,"31052,56023,3315,52323,7640,2842,21620,28079,60678,9411"
62537,62537,"38293,51528,17388,15536,9527,35541,36709,12263,40869,24214"
62583,62583,"57701,13635,22011,18078,53054,4372,23069,62016,36079,32262"
62743,62743,"36246,58293,34739,54828,19729,52249,61486,4155,49890,18699"
63288,63288,"8108,19374,42582,26588,64767,19566,42057,34858,10801,45591"
63452,63452,"13727,20170,8407,40789,14938,33418,31080,38096,54593,40266"
63647,63647,"33435,32492,59245,31495,26642,19780,7967,14910,29555,51094"
63810,63810,"49387,58583,32432,22488,42265,38774,39787,14344,52200,36350"
63881,63881,"45709,27030,29448,59927,47138,32755,64182,24670,39278,51480"
64107,64107,"40564,54198,17062,27169,14090,4892,37346,62992,40223,52165"
64272,64272,"49658,45894,18662,19089,35457,50104,16670,11017,49949,46628"
64839,64839,"40102,2391,38950,26229,60540,22328,43068,51606,32242,44947"
64962,64962,"40015,55579,17701,43747,37458,52742,55435,32894,28340,33777"
65272,65272,"35041,19334,8089,3200,65252,54876,35577,49415,12191,48132"
65350,65350,"48286,25648,12512,14927,20934,18534,41449,31658,21038,28857"
65566,65566,"41522,13030,7179,45729,51919,9493,24773,1826,14736,37146"
65702,65702,"61326,59409,13353,41239,54206,20134,44543,60279,11566,55060"
66404,66404,"4994,5566,19530,11532,39501,13551,41592,20303,1353,48769"
67454,67454,"27022,45128,21901,37844,1384,16949,18648,46392,50718,47310"
67819,67819,"34685,59506,39497,30680,6258,50526,22035,58155,28466,61792"
67980,67980,"57972,26749,64444,18713,8663,15766,18304,26784,23020,64979"
68217,68217,"49503,8654,29200,28416,18892,4426,13375,48276,44981,39318"
68768,68768,"22651,8239,50572,21641,63367,36852,65081,3958,20107,20569"
70295,70295,"5448,17968,37233,34855,44142,9888,35478,27792,42897,13462"
70545,70545,"3949,13216,22357,48820,49422,12114,63743,5068,41921,45705"
70722,70722,"36685,57968,2774,50025,3485,17838,42889,39603,29553,20237"
70876,70876,"18752,24940,37714,47007,56257,3779,55260,5873,24637,11718"
71302,71302,"47271,11893,42674,24675,6392,42617,1473,54966,59358,42066"
71715,71715,"47291,28129,54205,54821,44920,1866,57439,40590,47249,54794"
72058,72058,"15585,45451,14718,44000,32408,50871,12229,29442,59101,24892"
72169,72169,"17833,50368,39432,7346,20498,44271,63492,31325,42356,32261"
72919,72919,"58923,40236,21480,36571,3285,5450,42655,17715,59529,59115"
73781,73781,"28421,39549,31274,44081,43833,5305,61478,22852,18246,49643"
73843,73843,"5747,64184,60335,34461,58353,23268,14188,10006,27454,29190"
74190,74190,"48562,39726,624,54220,10170,10952,38245,47371,57438,60783"
74394,74394,"59585,7096,59779,6994,22643,52411,33163,57710,38648,53766"
74489,74489,"60880,56791,56754,21917,17509,33781,2722,50207,15487,56270"
74734,74734,"21385,55772,22993,60941,55950,6403,47292,32996,10136,26283"
74882,74882,"40406,42147,46742,62019,56297,57229,13790,63598,51675,50009"
75017,75017,"5996,21875,2123,59503,16548,52185,15850,2247,46011,40560"
75151,75151,"17534,7880,39306,7245,40746,49139,24750,16241,46240,26002"
75257,75257,"17301,21948,37959,16193,18016,22431,62073,59770,43507,39789"
75471,75471,"59595,59095,57934,49595,12860,5613,31609,11385,50466,51879"
75523,75523,"24158,30575,9015,30807,46515,21844,36349,39370,8681,43114"
76327,76327,"30529,64239,40546,30771,56558,32888,16446,42740,32543,10601"
76842,76842,"40015,55579,17701,43747,37458,52742,55435,32894,28340,33777"
77042,77042,"51831,65004,21118,12022,16645,2509,12357,12903,17730,10179"
77194,77194,"5137,38959,57096,20093,58443,63510,41431,47267,2094,8605"
77672,77672,"16925,23451,32077,22880,32815,28327,44785,8583,3354,35895"
78770,78770,"65276,29626,31292,61141,55290,40567,60941,28842,14669,58424"
78989,78989,"16221,52258,17880,54612,27199,45010,36015,22821,5492,32206"
80655,80655,"63342,10217,50365,3662,33156,13794,26684,57240,12826,47569"
80799,80799,"63316,29631,45090,38173,65140,30710,37792,29078,6594,38547"
80834,80834,"61485,33705,3147,20450,39806,46696,14787,1519,27115,58036"
80914,80914,"25894,9095,4166,51856,65271,52237,4217,40933,56054,57177"
80926,80926,"6032,44232,64897,8631,25087,14834,30974,50711,1244,36736"
80954,80954,"5995,64403,59431,46695,48809,3845,39329,11271,31767,30254"
80968,80968,"24699,30937,63843,18660,39862,1283,29298,58965,36994,30660"
81268,81268,"48765,28082,18385,38027,38793,61900,46811,30386,56837,64933"
81867,81867,"18441,14801,60113,32754,63680,28806,51093,58181,59657,35246"
83207,83207,"12707,24381,19559,54670,4532,24045,10087,41739,13009,35253"
83870,83870,"63748,61855,2570,15764,61320,22280,34407,26165,46759,61118"
84235,84235,"59620,14710,39258,44062,7191,27575,46753,40278,60436,39177"
84455,84455,"60066,11074,23949,23884,20680,33158,57371,44399,18154,22302"
84469,84469,"40015,55579,17701,43747,37458,52742,55435,32894,28340,33777"
84855,84855,"41362,63377,32860,35106,48344,20832,20999,46309,12046,36760"
84892,84892,"53562,51326,30424,60907,60841,55733,62,29737,7835,8641"
85074,85074,"18645,53336,46388,55181,921,7395,34945,2175,44474,17984"
85354,85354,"45763,37451,49202,64260,26123,52328,48610,56556,61146,7243"
85503,85503,"40015,55579,17701,43747,37458,52742,55435,32894,28340,33777"
85889,85889,"19758,53523,38772,58146,35973,57907,59785,12567,65237,7288"
86334,86334,"63581,2297,7270,58397,55367,10611,60226,54739,16116,22251"
88113,88113,"21594,12093,46755,4599,59265,58502,58641,49150,39850,6921"
88213,88213,"10964,56503,20870,14037,542,20961,30935,55330,59063,62612"
88386,88386,"40015,55579,17701,43747,37458,52742,55435,32894,28340,33777"
88509,88509,"2008,31813,3692,21116,52307,24648,35198,6856,55623,36424"
88578,88578,"48901,42420,28945,40069,6646,47684,2129,40510,61629,45031"
88682,88682,"612,20764,14952,32255,13767,7611,6772,23920,27357,24703"
89371,89371,"45396,48241,12779,61498,17511,56405,12708,27817,54428,1800"
89708,89708,"34591,32328,62899,54530,50799,47397,54042,46532,41363,29587"
89877,89877,"33332,46307,3577,25168,63779,43602,30072,38400,28623,11128"
90048,90048,"65047,37739,50146,19362,64315,57731,21341,58755,60449,17881"
91154,91154,"37625,16063,18902,9592,43919,50382,55363,33449,33128,31961"
91400,91400,"43453,14056,51704,3612,2415,44650,8018,1432,55884,30949"
91432,91432,"1399,36256,26113,29110,8419,26182,3215,32685,62053,62317"
91812,91812,"12458,19728,63126,57511,5703,10893,45136,5834,58737,22004"
92344,92344,"33791,20408,59989,15028,45652,25147,16331,47340,38652,65240"
92626,92626,"23714,36263,57213,41593,1073,49700,35852,49462,58689,25172"
92779,92779,"35302,4551,50275,54267,6080,20954,23351,14538,34746,43004"
93357,93357,"25695,33038,19096,49822,23599,58327,37444,64635,42754,51320"
94005,94005,"13897,27972,51336,61759,65259,34355,35043,36450,56210,309"
94818,94818,"30895,60304,19558,22845,52915,28942,16589,27901,44319,44888"
94855,94855,"28777,29379,23885,61840,30365,58930,22873,37091,58973,19926"
95142,95142,"21960,34863,56725,20500,40153,9514,31937,50200,63320,3561"
96660,96660,"38977,27961,55471,60002,33013,51608,54355,14573,21292,64060"
97284,97284,"22275,17925,58789,53254,25948,5809,61265,12921,19931,8558"
97751,97751,"27128,41574,49753,1302,48983,19744,25804,1813,37298,65101"
98021,98021,"37376,3357,21658,59431,3845,48809,46695,11271,31767,58929"
98134,98134,"49463,36344,29477,57876,47376,30557,8767,46435,64021,42167"
98219,98219,"34059,7815,25270,23687,37570,26211,56727,34266,25627,902"
98309,98309,"37901,47248,37633,24541,35787,34689,9810,10837,13236,17600"
98390,98390,"8965,1072,20535,5439,16415,13060,8084,14714,29578,21441"
98636,98636,"36368,43914,55505,35343,21126,1978,40071,50465,52422,26210"
98908,98908,"11045,42090,48439,34819,39133,63808,3234,39938,45424,46293"
99154,99154,"3563,13276,62368,62222,13315,11575,35357,8751,15568,40010"
99183,99183,"47373,1440,31965,32795,17590,47080,14517,52981,4888,24513"
99571,99571,"3500,31115,33508,14035,63315,38312,6629,1829,32206,5492"
100080,100080,"11970,33616,52119,31014,58392,24317,43991,39413,56218,46343"
100618,100618,"23087,45691,16039,39824,8527,5265,8596,41878,21553,63420"
100818,100818,"8340,59814,17868,35860,20096,54762,23508,1364,12672,46195"
101349,101349,"35495,52939,59775,53478,33567,4571,7162,38443,7634,34096"
101532,101532,"58446,41076,52844,26349,49828,28803,6006,36259,7583,39561"
101930,101930,"37446,49707,22915,57327,13837,17749,45066,34637,22178,36562"
102104,102104,"3949,6426,35256,38854,13838,8024,13216,40033,13227,33892"
102348,102348,"45617,18920,38658,20422,32955,56855,61362,20745,8444,51311"
102429,102429,"42875,255,64465,33185,6333,50761,57800,47930,36010,54842"
102474,102474,"4528,22665,58049,63881,47481,46469,28506,20040,12047,3634"
102537,102537,"7217,45031,64498,29193,18507,52634,13713,12894,7237,64555"
103711,103711,"5714,61491,53758,37818,55615,50665,753,31993,54711,215"
104296,104296,"44672,3139,16281,38445,13102,28663,25742,13795,9570,45337"
104453,104453,"47106,25439,13126,36570,4826,20966,54350,5558,1448,45714"
104839,104839,"64414,1982,25061,15102,23188,16964,18676,54097,31404,64266"
105141,105141,"26375,49817,6055,44896,59355,13057,6885,45590,11330,32004"
105842,105842,"38797,12588,59146,55868,14601,15480,36948,47661,32345,47747"
106123,106123,"60244,53322,29157,36616,44600,2378,9318,9100,3565,45308"
106970,106970,"11560,8792,29537,31332,60798,51364,32990,106,15071,61885"
107046,107046,"63749,18011,435,15109,32604,48606,21310,59141,64651,62776"
107652,107652,"56476,13802,57018,63187,64391,19070,48071,50946,8885,23668"
108273,108273,"61875,26206,59631,40436,4721,15189,49774,58645,20782,30980"
110248,110248,"2683,6241,15353,46425,35590,44164,32974,1103,22922,57519"
110795,110795,"14105,7830,30940,6488,64069,55681,61057,65289,29167,49490"
111479,111479,"8709,43991,41414,17999,21558,17046,14050,38555,24947,44484"
111654,111654,"61820,32918,6544,29224,65074,17761,9569,3614,6998,1568"
111722,111722,"331,27437,55347,4018,58184,59134,40385,23234,16415,58691"
111790,111790,"40015,55579,17701,43747,37458,52742,55435,32894,28340,33777"
111837,111837,"56869,52783,17606,36581,26791,24733,5860,19006,18197,61750"
113994,113994,"62089,16823,57606,2569,46323,43230,41590,30068,11606,11151"
114390,114390,"37192,43813,33655,57776,135,11345,64006,61781,48315,42186"
114710,114710,"31052,56023,3315,52323,7640,2842,21620,28079,60678,9411"
115118,115118,"57860,51721,5215,16983,46097,61533,31797,1621,60330,1386"
115383,115383,"212,35432,46076,32939,18558,39907,22228,18662,49949,20048"
115632,115632,"50778,48107,12632,21837,31490,19973,46194,42925,23253,19705"
116097,116097,"60633,9035,15468,37392,54275,45683,59602,24153,38557,45672"
116376,116376,"29133,36383,63035,29453,20697,25710,42874,60747,31313,54955"
116877,116877,"41612,57542,44413,30332,24487,34186,53456,9809,49699,20198"
117701,117701,"53261,10707,8203,27205,64728,54531,62610,2144,40056,25584"
117877,117877,"32894,17020,28649,22450,61682,35335,25542,42908,63852,48639"
118306,118306,"60589,2740,61343,15664,57287,64487,18809,40265,55148,48521"
119947,119947,"24522,57914,25620,44907,2707,37898,41443,39816,34664,1532"
120017,120017,"44077,15611,62060,6926,10443,23047,32798,13470,58158,25940"
120921,120921,"36136,24829,54504,1673,44002,11432,2814,33934,9733,51115"
120925,120925,"49419,16338,1582,64555,10929,65000,13713,39889,29193,26142"
121414,121414,"51334,37511,53131,13556,32381,28572,21833,34278,41546,47469"
121713,121713,"40015,55579,17701,43747,37458,52742,55435,32894,28340,33777"
121834,121834,"65086,23492,24561,12492,58596,43504,549,54625,21494,62429"
122563,122563,"8993,63182,32783,22875,52282,54643,26774,3012,8696,12987"
122654,122654,"14863,24009,19964,41310,6269,12095,16721,64396,37001,14102"
122904,122904,"40015,55579,17701,43747,37458,52742,55435,32894,28340,33777"
123506,123506,"32828,31410,4915,23571,60493,34511,2150,35558,58504,47394"
123529,123529,"57249,62261,15258,20610,53859,6072,7053,4325,7856,42986"
123594,123594,"29133,36383,63035,29453,20697,25710,42874,60747,31313,54955"
123741,123741,"17833,32042,4503,45965,32381,7346,43606,42879,20498,53645"
123837,123837,"59006,62713,27015,40957,14697,33661,60783,47371,57438,10533"
124619,124619,"23241,58577,64718,40318,58991,17667,63330,34736,22397,41249"
125374,125374,"1848,63091,55325,53132,23509,55802,2561,1090,63992,11880"
126040,126040,"47561,4524,56447,1753,10043,18109,1238,54562,30792,11383"
126230,126230,"40015,55579,17701,43747,37458,52742,55435,32894,28340,33777"
126384,126384,"20068,7644,13991,48269,27484,24393,32300,42468,50296,63688"
126503,126503,"29141,53096,6516,49688,17406,30233,44228,55308,44074,57413"
126834,126834,"11161,1213,9624,18458,45247,18822,38414,31441,19108,25763"
126953,126953,"40015,55579,17701,43747,37458,52742,55435,32894,28340,33777"
127263,127263,"20624,46753,41511,60436,40278,44215,19440,39177,44062,39258"
127523,127523,"23701,24746,35218,60955,24549,47931,30861,21179,62333,45570"
127603,127603,"58361,61022,34362,51032,15388,30428,19926,39130,24247,37091"
128097,128097,"17012,50566,18971,23366,32875,6181,19589,23045,167,39698"
128252,128252,"54417,57770,51581,51175,60426,14652,32820,4174,37693,52120"
128342,128342,"7275,2414,63637,49179,60194,37523,8191,9475,5152,8905"
128780,128780,"54794,52846,46809,54855,2387,644,8914,28611,23229,38388"
129382,129382,"29442,59101,12229,50871,24892,26439,26853,44000,14718,45451"
129407,129407,"37515,56482,40208,26768,24008,36662,3424,25146,51774,6751"
129518,129518,"8682,28947,20167,20468,52315,62360,31540,17417,62690,12902"
129805,129805,"29324,52781,7644,48020,10888,53681,63980,17606,21917,45102"
129984,129984,"48126,1458,47797,54268,5453,63905,54914,10729,13220,48400"
130109,130109,"10964,33286,15171,27699,4473,28041,12403,28288,62274,10073"
130564,130564,"48543,57808,48089,28514,54809,31171,46254,11599,34652,15569"
131209,131209,"23698,40579,27062,23727,46138,40475,6719,38481,37402,26235"
131381,131381,"5771,8224,28118,7983,39789,15684,41647,60331,37116,34116"
131399,131399,"62870,44395,760,42526,6695,38277,54176,35538,45256,7470"
131420,131420,"3765,20522,18860,8148,61970,20190,3088,25297,43811,1271"
132025,132025,"40015,55579,17701,43747,37458,52742,55435,32894,28340,33777"
132684,132684,"20425,6809,55616,62385,17409,50842,10854,54479,2228,37719"
134137,134137,"62648,5184,3139,36873,18240,8430,8006,34051,9120,2530"
135250,135250,"46845,26397,6289,51457,50043,42711,58943,697,37004,64742"
136131,136131,"44493,34573,25595,1481,14328,56431,54059,12622,6014,32009"
136184,136184,"50390,43718,4976,53027,47830,40250,16548,18813,54340,21187"
136493,136493,"614,33568,50238,59998,13843,65228,55242,5556,23425,62015"
137494,137494,"50025,2774,57968,36685,39603,37227,42255,43143,3757,45997"
137608,137608,"46252,56419,12014,11178,44521,32308,25276,13267,29301,16669"
137640,137640,"749,10987,48722,40894,10320,5725,86,2193,22094,40387"
138333,138333,"39992,62338,7122,23264,10370,3524,9447,3946,28551,36199"
138391,138391,"29847,35706,33548,48437,9164,63240,62170,58563,41788,43124"
140375,140375,"22152,28433,63557,4000,57342,25087,34466,50528,57422,46106"
140415,140415,"9544,3566,27120,47540,53846,54477,58596,5160,11804,14447"
140441,140441,"53663,7943,54712,60931,43012,7115,62220,11134,55358,712"
140729,140729,"27731,2776,2350,36458,45594,24160,31631,15366,53052,40757"
140953,140953,"59303,7289,18716,27367,8290,8598,10776,50271,1540,34208"
141278,141278,"56575,1420,33668,42477,11007,3611,63729,30054,14426,1654"
141580,141580,"49277,50368,674,32042,39706,17833,60142,24736,54963,12493"
141666,141666,"40015,55579,17701,43747,37458,52742,55435,32894,28340,33777"
141804,141804,"40015,55579,17701,43747,37458,52742,55435,32894,28340,33777"
141979,141979,"43189,4375,49387,11289,58583,32432,22488,38774,39787,14344"
142189,142189,"13617,35887,30198,30091,55651,33606,39122,30849,12483,56162"
144165,144165,"40015,55579,17701,43747,37458,52742,55435,32894,28340,33777"
144455,144455,"59721,45651,26678,28381,63462,31391,25112,29149,28863,59950"
144858,144858,"56569,6052,16098,31356,36278,38900,3172,100,402,7203"
145267,145267,"38221,8261,57100,26004,13781,18555,41736,18925,60307,48918"
145446,145446,"19181,60499,55512,63349,45323,52745,5109,50276,47793,39705"
145492,145492,"37284,26214,42438,58779,53938,18220,10506,31873,45055,46663"
146338,146338,"63620,11199,45851,16499,24028,36470,21532,28125,17882,63177"
146611,146611,"22084,658,53781,28419,34228,29075,7716,27121,61736,57036"
147295,147295,"57828,13035,27783,38207,20539,30484,42346,46611,37914,55652"
147486,147486,"15725,17742,24281,19459,52831,41959,27696,64199,23762,12421"
147835,147835,"60612,35392,30607,58519,62563,16010,42085,49908,36737,51343"
147904,147904,"18959,59783,18141,16056,25353,40516,38917,38384,64177,844"
148048,148048,"29201,35561,2710,24166,21661,50453,46964,25048,11125,18474"
148208,148208,"47080,14517,17590,31965,12280,32795,1440,47373,4888,52981"
148415,148415,"1525,42933,32145,38430,20276,53530,36260,6750,10710,6959"
149673,149673,"6585,61520,58492,14630,7265,36698,15296,52646,60997,15037"
149731,149731,"3648,4497,11037,61356,37844,4079,28455,60,17815,21635"
149837,149837,"22048,32506,52036,46089,11199,4865,18848,48165,2641,35515"
149937,149937,"53943,20098,56257,49976,56684,11241,15038,46052,30465,38189"
150163,150163,"63606,34772,46153,37411,9048,10719,22006,12222,57284,64980"
150503,150503,"62211,21618,62285,28866,29530,35156,25669,12634,50062,57559"
150636,150636,"64022,63474,6627,59579,51628,4245,37021,10224,9050,7684"
150789,150789,"40015,55579,17701,43747,37458,52742,55435,32894,28340,33777"
151231,151231,"41761,46571,15523,47712,47935,9820,9331,64413,59490,38078"
152241,152241,"21254,7771,58501,38217,60975,58707,7291,39795,21963,6112"
152937,152937,"40513,39639,59530,42839,61601,21151,4056,27604,2047,64878"
153074,153074,"55542,30578,18913,17427,9913,35196,36459,2249,10609,43355"
153464,153464,"31209,25219,1136,11086,48607,39520,17605,63862,13409,8219"
153963,153963,"46782,57929,61395,61139,4956,45297,53306,29011,4651,3767"
154068,154068,"61436,56623,56446,5861,38654,32009,14328,25595,35232,63075"
154092,154092,"40015,55579,17701,43747,37458,52742,55435,32894,28340,33777"
154424,154424,"55238,61399,35922,39750,43171,10680,61960,2896,12502,24460"
154464,154464,"43250,54324,31302,36620,20978,60716,2966,39005,51818,59862"
154531,154531,"20810,3108,19270,16292,62791,62136,3444,44492,27763,9857"
154764,154764,"34423,17374,46975,32842,56973,23082,63185,9257,53266,31507"
155716,155716,"40015,55579,17701,43747,37458,52742,55435,32894,28340,33777"
155869,155869,"14471,29071,49922,7191,14710,39258,44062,51537,19440,20624"
157009,157009,"9402,40133,12662,47209,17100,254,22258,41980,8925,5768"
157274,157274,"32979,8908,41716,39818,53444,11564,9051,13851,6056,2559"
157287,157287,"20637,50448,14108,57447,16620,50106,24576,63671,54997,20533"
158254,158254,"49150,58502,6921,13028,23391,5716,64300,64702,2647,53150"
158381,158381,"40015,55579,17701,43747,37458,52742,55435,32894,28340,33777"
158502,158502,"62029,59688,33421,48915,19593,46256,12201,25446,16581,6875"
158839,158839,"40015,55579,17701,43747,37458,52742,55435,32894,28340,33777"
159201,159201,"46555,34874,38239,58272,63866,39922,46035,27205,64728,14683"
160102,160102,"11037,4497,61356,3648,556,37844,60,28455,57961,64958"
160110,160110,"20005,58828,17002,59514,31111,39161,17808,21374,53059,6191"
160922,160922,"52541,63026,11387,26184,58054,46891,40377,38814,150,44196"
160952,160952,"25342,55889,41113,7490,1087,41449,19007,20034,60961,1585"
161782,161782,"12123,53890,12544,40341,53069,64355,15111,12906,24198,18387"
161860,161860,"5127,54061,39551,47120,9429,61767,59797,23602,44063,28936"
162151,162151,"35276,56420,37986,31091,59676,480,20981,18295,40165,11529"
162152,162152,"7193,7981,26518,49460,6309,57043,52799,59659,33785,20821"
162225,162225,"51441,15994,59365,62305,51101,8355,62694,23784,41049,58614"
162244,162244,"2576,54076,33637,48571,6499,54099,40884,28134,38912,10604"
163919,163919,"36368,43914,55505,35343,21126,1978,40071,50465,52422,26210"
164241,164241,"42636,50129,53319,2548,33240,15240,13086,47107,44990,28802"
164804,164804,"30187,37182,31504,35074,2903,49119,64640,60466,38091,14150"
165482,165482,"20450,14787,46696,1519,3147,39806,27100,57571,5348,33705"
165793,165793,"24782,3704,14936,53487,18754,2944,51307,52433,22227,44217"
166285,166285,"63471,44347,53896,60018,48423,35316,24695,33805,12766,22642"
166567,166567,"22978,35272,30517,47558,15809,63807,64800,315,62736,45887"
166704,166704,"30659,3423,50490,30689,25434,16655,28755,9295,41912,16069"
166797,166797,"40015,55579,17701,43747,37458,52742,55435,32894,28340,33777"
167577,167577,"18894,61462,49124,36667,34019,40234,15490,51261,62753,4864"
168260,168260,"33777,57617,51241,131,60066,23949,11074,20680,21550,33158"
168512,168512,"29204,42171,23600,51601,3938,30403,31798,57623,56312,34425"
168863,168863,"845,44649,38446,987,62268,39547,45906,61920,7196,63537"
169287,169287,"35964,52792,34464,39528,2163,12442,50285,10315,64396,22579"
169298,169298,"49738,35884,38995,42261,464,23891,36488,31551,43101,21431"
169310,169310,"25813,43761,38685,37238,49656,12772,57131,39001,19285,44562"
169443,169443,"40015,55579,17701,43747,37458,52742,55435,32894,28340,33777"
170082,170082,"14374,18384,61542,61712,7079,9276,27567,55995,53707,59259"
170272,170272,"21319,23094,55309,31832,14085,15436,32622,39284,15213,61678"
170303,170303,"34677,49946,45511,57241,19449,14952,1228,36259,40782,56241"
170637,170637,"31718,14532,4842,35888,37374,25005,56694,58074,15859,38111"
170720,170720,"36968,50151,42204,61206,8156,46003,34079,56955,6714,64554"
170917,170917,"46238,14057,59575,50344,1193,51164,7597,59420,22566,45750"
171125,171125,"52172,46825,4207,55263,1589,29739,28856,53387,5060,8498"
171705,171705,"54284,55213,10792,20615,23899,3678,43007,15769,64938,5349"
171815,171815,"20624,46753,41511,60436,40278,44215,19440,39177,44062,39258"
172127,172127,"31590,3679,35262,24664,21857,63312,10623,32625,50840,20356"
172469,172469,"27260,14159,37503,27809,22793,48677,2438,42470,63848,27850"
173006,173006,"38221,8261,57100,26004,13781,18555,41736,18925,60307,48918"
173450,173450,"38917,38384,24354,59783,18141,16056,8694,25353,26233,33140"
174444,174444,"28608,25223,12864,39445,43611,8881,19331,63164,4036,34778"
174893,174893,"51872,30940,26818,19960,7171,46251,8006,60349,9350,36873"
175134,175134,"37639,9009,49198,26561,42689,39403,4815,45721,11743,39455"
175323,175323,"55338,27314,7931,10524,44371,47803,36225,43537,5687,56993"
175508,175508,"35370,31609,40530,11385,50466,51879,45869,1331,57161,27460"
176173,176173,"57710,53622,4342,24514,10519,47870,63970,36940,57260,10163"
177089,177089,"37388,30547,23103,46453,28471,45388,53905,31052,56023,3315"
177293,177293,"25906,52728,14619,39857,9990,56025,47786,28707,25185,16487"
178058,178058,"32547,8746,21377,17582,28908,8015,61822,30445,21001,22529"
178582,178582,"34611,36374,43321,7296,1196,15640,25410,51478,20676,57473"
178761,178761,"56229,6862,18321,58034,13271,10065,15798,57805,54111,9057"
179027,179027,"36228,51797,33291,55916,7888,39419,44663,48712,17593,62001"
179474,179474,"28902,29934,40186,64404,3916,42110,41311,65037,8889,52254"
179686,179686,"48512,2729,2342,9525,8029,23343,63109,51290,37988,39227"
180490,180490,"24893,43566,27843,30719,58537,25344,33763,10978,46666,19482"
180779,180779,"29590,2032,30696,15315,7657,11219,38759,53717,48615,56847"
180877,180877,"40015,55579,17701,43747,37458,52742,55435,32894,28340,33777"
180931,180931,"11054,55889,60826,11766,62971,12521,10451,43441,19517,11443"
181314,181314,"31069,64939,38733,58238,22812,46712,20992,64409,29042,54891"
182094,182094,"14323,27615,852,61055,27164,58370,15542,36466,36082,11317"
182401,182401,"30947,36554,54412,10763,23646,45517,50581,832,56596,9732"
182612,182612,"27757,56575,1420,33668,42477,11007,3611,63729,30054,14426"
182895,182895,"30751,49479,47539,34986,38951,32633,64370,55357,17680,26092"
183054,183054,"61939,51601,2186,15243,38973,32983,51545,46067,50582,2908"
183895,183895,"19844,48234,50170,53136,27598,29543,37539,48641,14055,9873"
184022,184022,"40015,55579,17701,43747,37458,52742,55435,32894,28340,33777"
184591,184591,"15862,29060,23211,43612,46130,45050,46557,8889,27218,55795"
184625,184625,"50759,256,24946,62700,63477,51091,46884,13473,46558,25197"
184671,184671,"3949,40033,33892,22357,60944,13227,12114,49422,6145,40914"
184771,184771,"60498,21991,57091,57102,16542,28115,34055,1513,22093,36788"
185059,185059,"12013,48159,19518,60180,56588,19050,28034,45819,25623,34962"
185629,185629,"27033,46044,57564,19211,58798,27669,46793,47655,14226,19099"
186062,186062,"4114,33602,5064,8029,49621,31814,53548,53033,54876,21190"
186410,186410,"59659,57043,52799,33785,35235,17662,42589,20821,13665,3372"
186417,186417,"20283,56919,6103,62739,24265,31161,15465,43030,35804,40010"
186501,186501,"57687,56837,28082,38027,38793,18385,48765,42229,63784,21405"
186565,186565,"39670,15779,60496,40283,42113,41591,37690,46436,27258,57087"
186586,186586,"39997,32895,35827,49618,15350,42484,5393,29080,43387,36380"
186673,186673,"56344,38066,60874,54991,338,40537,2986,45697,38817,52461"
186846,186846,"36551,53226,56195,34905,63683,57812,58666,47259,2996,1536"
187546,187546,"37458,52773,32522,13554,57840,36275,10572,47317,40978,9628"
187931,187931,"32502,14052,8832,810,19119,61069,4545,49490,30074,20112"
188427,188427,"60811,14485,54497,9062,34318,41051,44035,16414,51302,46287"
188702,188702,"57884,9706,17500,28810,46083,31089,30787,39137,43316,61985"
188854,188854,"7398,20464,10120,30299,4865,39603,48339,37227,42255,38077"
189178,189178,"15352,14037,23800,15548,49667,30117,10964,18955,11562,50566"
189526,189526,"36711,37112,5083,41756,54771,32333,6138,36978,1883,23952"
190208,190208,"32763,15275,58556,9925,26423,47154,64950,59241,63647,25343"
190747,190747,"27859,26749,64444,18713,57972,15766,18304,50792,58114,15641"
190819,190819,"39175,36005,36926,55872,50667,9479,20901,31039,17888,22906"
191350,191350,"40015,53055,54043,59633,14690,59903,13349,15739,47690,27674"
191485,191485,"14931,59111,4851,28550,62061,25385,26176,28726,41100,54956"
192407,192407,"48298,5279,35067,48169,20529,12628,36879,47544,39513,54518"
192867,192867,"58272,63866,18634,46035,33549,59737,23353,38239,51970,59900"
193101,193101,"45589,7525,59674,36259,64413,36291,56457,20946,36132,51043"
193265,193265,"38091,24714,38673,57124,59516,46349,61069,19327,19119,29321"
193386,193386,"38211,41256,64833,49909,18616,6410,62481,54321,19891,58888"
194000,194000,"64397,21841,29819,63279,36514,22435,30234,10646,30062,49451"
195019,195019,"40015,55579,17701,43747,37458,52742,55435,32894,28340,33777"
195373,195373,"52451,11936,44367,50355,45944,41122,24267,24348,14874,20814"
195628,195628,"39627,18497,24652,23938,37025,52394,36078,60597,1656,18734"
196067,196067,"21455,43563,14090,61174,2488,28221,7608,5860,24733,51549"
197504,197504,"3780,45980,63640,34338,36659,53064,19234,51077,63450,10702"
198703,198703,"49436,47641,3065,7569,38835,17741,60107,36755,50957,1148"
198779,198779,"56230,54731,44320,53885,33107,20342,21409,35938,15901,14001"
198848,198848,"59925,42980,38400,57486,10443,6926,5915,47894,48217,25583"
199084,199084,"52756,27268,44568,21267,18209,10334,25047,35961,43224,27260"
199174,199174,"62512,14547,41215,9163,42120,37687,42388,32343,35765,54086"
199854,199854,"43616,8288,1147,60190,52486,25522,2194,62670,63251,37682"
199887,199887,"28472,19580,40720,39023,13228,43111,5250,49238,17080,23829"
200098,200098,"40015,55579,17701,43747,37458,52742,55435,32894,28340,33777"
200347,200347,"21765,53651,17453,51358,26156,812,19020,48686,189,23407"
200395,200395,"46009,42382,396,22222,9715,16965,37265,22395,44611,17157"
200784,200784,"59394,34218,64214,57125,15033,55012,5327,16412,24177,41970"
201062,201062,"47010,25109,23183,954,42184,29849,22384,51060,10306,63680"
201233,201233,"21129,13132,56863,16482,33541,1915,60414,1288,14853,23476"
201777,201777,"31753,27329,50014,49680,18269,2136,26793,52576,2126,52167"
201782,201782,"3949,13216,22357,40033,33892,48820,49422,60944,12114,7417"
202079,202079,"63868,53629,59143,55340,62978,39116,23372,53760,34743,11427"
202459,202459,"58861,63960,6853,9371,35452,35226,28300,56194,49874,11078"
202704,202704,"54794,3651,976,49091,5089,13804,40684,50699,29822,11757"
202758,202758,"14676,43738,32832,27765,51227,40156,99,48979,35167,14075"
202877,202877,"8317,14657,54953,3386,63678,14635,8119,13175,58559,19846"
203533,203533,"58004,49045,54885,58044,52032,32106,39002,30890,26181,4798"
203934,203934,"19375,42536,714,52895,35177,22629,474,19243,6774,28169"
203963,203963,"61194,44403,38715,53023,42476,65199,35398,46603,15196,4439"
204103,204103,"16110,38117,47018,56346,25660,29166,40767,22874,65030,53825"
204424,204424,"57346,51440,28926,55545,27428,45930,48366,2218,59925,12741"
204766,204766,"32371,38992,45187,711,49815,43973,18587,24115,45395,23502"
205235,205235,"28575,2144,62610,27701,40056,1258,61266,10871,45658,7645"
206207,206207,"5180,52115,23028,36646,22487,51897,8184,58110,4947,55637"
206218,206218,"37958,27221,52927,55063,41659,14815,14043,23038,33503,42870"
206778,206778,"9902,53419,58141,2053,1489,7724,6956,311,53299,60057"
208037,208037,"48244,36250,33911,24364,25211,23698,37357,64299,4698,28833"
208439,208439,"10136,6403,55950,22993,55772,21385,25401,32977,26283,47292"
208664,208664,"21683,13729,16897,37378,38605,21285,34280,53001,48791,49825"
209698,209698,"50276,5109,45323,52745,63349,60499,19181,55512,23352,57395"
209706,209706,"39888,14340,53426,16468,53091,50026,54124,46405,37141,34528"
209746,209746,"40195,2602,6454,48941,51458,42843,25378,26626,19638,44005"
209943,209943,"4313,27166,2310,53292,40636,48016,45191,14471,2751,55750"
210351,210351,"21619,41317,2791,52682,27255,16889,53151,16829,22387,12072"
210414,210414,"62640,60719,33879,44827,444,57437,25987,6619,52496,49135"
211191,211191,"38782,62810,38128,35446,51563,11364,60143,973,22806,31754"
211222,211222,"6133,64021,9191,64772,13193,49261,9149,1909,20548,13205"
211335,211335,"35784,20893,42288,46968,27561,11780,9979,18501,58283,11161"
212056,212056,"17701,58969,26958,7372,21459,54411,45309,46306,49778,60987"
212113,212113,"16925,23451,32077,22880,32815,28327,44785,8583,3354,35895"
212263,212263,"62015,61270,46885,62906,34638,56315,3070,62500,61344,1154"
212410,212410,"54650,20143,752,459,53661,58545,55634,7939,2178,21170"
212619,212619,"50166,35614,20032,54489,23935,34713,102,5553,19094,18123"
213354,213354,"6325,31547,55087,16419,27297,55356,46980,2896,16362,21492"
213367,213367,"32104,63430,15255,46989,55067,1834,62683,5255,41879,1989"
213622,213622,"6524,38857,45315,5512,52697,25420,4633,17097,26955,61114"
213875,213875,"9194,19474,31355,53402,29316,42998,36726,33756,32530,5982"
214168,214168,"49824,23954,2583,1048,54451,39894,55428,27594,6613,64261"
214404,214404,"35519,14805,46674,27303,32542,39828,24765,53856,11680,43717"
215504,215504,"32363,39728,16345,7901,36284,17236,27041,39266,16723,58608"
215624,215624,"37915,43076,38175,54603,57726,57046,63681,6766,38393,19550"
215793,215793,"2899,30422,34503,37378,13729,16897,21683,43424,45301,64898"
215910,215910,"10398,26152,53724,19235,38327,42235,63307,62736,18795,58520"
216233,216233,"40015,55579,17701,43747,37458,52742,55435,32894,28340,33777"
216931,216931,"19040,53039,47375,50920,39648,12138,28514,1103,39297,12307"
217215,217215,"46931,49223,21174,18643,48560,52367,44508,54468,12085,28975"
217378,217378,"61165,45007,13115,4027,62367,21505,13654,39385,40177,7583"
217387,217387,"55545,51440,57346,13324,48366,48599,16246,64867,53999,52997"
217546,217546,"37515,56482,40208,26768,24008,36662,3424,25146,51774,6751"
218052,218052,"25845,40475,33553,2096,10541,7662,42837,16905,12068,53896"
218187,218187,"46008,22662,29722,62026,24386,31916,35490,44400,4841,24915"
218486,218486,"25224,31397,52555,2657,61133,28229,2857,7238,41993,42332"
218721,218721,"37794,40882,36184,62735,43431,15362,19920,29658,15114,36212"
219212,219212,"27108,9348,23860,25004,59525,33455,27113,20576,162,36115"
219397,219397,"14535,39484,17095,40813,62013,56925,13973,46070,1734,27665"
219697,219697,"616,50971,60489,42630,24916,33043,44144,40980,52630,24209"
220075,220075,"57935,61706,13113,48632,12297,9440,42096,43983,48645,16700"
220481,220481,"40015,55579,17701,43747,37458,52742,55435,32894,28340,33777"
220664,220664,"2786,3900,11390,14832,39827,20255,35748,3098,31822,46898"
221434,221434,"8450,50314,65161,38961,19464,25644,37365,45109,41509,46910"
221484,221484,"41014,48433,24317,44196,49690,43658,62147,10829,34743,51019"
221833,221833,"60436,40278,41511,46753,20624,19440,51537,39177,39258,44062"
221869,221869,"40015,55579,17701,43747,37458,52742,55435,32894,28340,33777"
222160,222160,"62970,36286,19311,27694,55411,26695,59968,35191,9364,45856"
222290,222290,"7982,56726,52217,37158,26867,27178,5220,52159,13898,2807"
222509,222509,"27946,40194,16005,21316,35215,6709,19281,59599,23434,24173"
222541,222541,"58890,31232,39224,39915,54614,2673,34381,46168,19160,23419"
223012,223012,"36091,64546,54823,29218,20280,55721,14439,46952,8949,61995"
223079,223079,"34484,39342,14880,47262,64103,15802,21898,21900,64245,57826"
223092,223092,"14931,59111,4851,28550,62061,25385,26176,28726,41100,54956"
223109,223109,"10400,54802,44145,32745,6835,38456,7815,23116,13440,34059"
223578,223578,"4176,49211,46766,57569,25986,8988,46372,35589,47027,60540"
223863,223863,"27782,33140,7201,48954,25974,41536,17319,47490,19340,29241"
223976,223976,"47899,3279,64370,25548,34360,10509,33734,17463,15725,47539"
224041,224041,"40015,55579,17701,43747,37458,52742,55435,32894,28340,33777"
224048,224048,"32828,31410,4915,23571,60493,34511,2150,35558,58504,47394"
224661,224661,"24715,16760,21043,28240,36110,46432,40370,44430,4961,42505"
225149,225149,"42998,32530,11535,48834,29000,55418,47168,3821,42734,28882"
225281,225281,"43999,57755,13305,10103,6533,61821,1942,25041,8777,44987"
225317,225317,"59123,24095,27470,37876,14129,1059,56670,32183,34666,12086"
226227,226227,"2102,11610,59946,45498,27799,56697,48715,9117,18549,42655"
226627,226627,"55846,50981,27300,47614,19013,64816,20430,30790,14492,24477"
226972,226972,"2042,55336,18472,53604,14467,9909,18728,2692,20316,6035"
227022,227022,"64189,33509,33366,46895,51640,42488,15255,13784,64268,48449"
227448,227448,"15613,49112,43331,17328,19544,40337,36643,33027,9859,50717"
227683,227683,"40015,55579,17701,43747,37458,52742,55435,32894,28340,33777"
227817,227817,"14843,35646,5461,553,64709,30227,46190,2749,24914,18743"
229142,229142,"4462,42580,39662,6966,59782,15734,55697,10638,22619,65005"
229212,229212,"34258,31119,3089,53145,30767,34220,1198,49577,24359,15704"
229558,229558,"51755,20590,34900,65164,60696,24026,41608,64381,41003,42774"
229789,229789,"55437,36748,51150,57620,34081,27171,51026,53117,16367,9643"
230068,230068,"45511,59920,7763,40004,40360,46834,11700,56555,40692,20743"
230081,230081,"2433,28180,25100,39549,6371,43833,59671,14184,44045,40387"
230139,230139,"15242,39186,14599,49520,36065,47458,986,1055,37367,23775"
230160,230160,"41033,58702,15076,19068,56605,29075,22249,25955,34228,29005"
230169,230169,"13067,13757,4683,44153,34293,31827,54328,49934,9392,29881"
230641,230641,"14712,55531,49740,44786,57700,34581,47639,50446,19736,53495"
230787,230787,"21781,28267,23179,49864,36186,12489,41737,26363,30859,27689"
230953,230953,"64890,37653,8549,357,39832,33134,49192,45048,1642,48221"
231157,231157,"42636,50129,53319,2548,33240,15240,13086,47107,44990,28802"
231254,231254,"40015,55579,17701,43747,37458,52742,55435,32894,28340,33777"
231284,231284,"7280,11788,918,4780,20116,42283,471,17160,37734,59754"
232083,232083,"1829,32206,63315,16221,27199,54612,5492,22821,54818,36015"
232938,232938,"35057,36532,9813,24620,12496,18653,32611,5665,47997,10528"
233077,233077,"58353,34461,60335,64184,5747,9654,10006,29190,23268,14188"
234427,234427,"44888,24879,42700,10813,227,27901,64625,57811,44319,60304"
234433,234433,"30404,54703,10789,18157,21966,34655,19561,23565,42153,19465"
235062,235062,"54636,2164,61942,64130,58764,2180,48996,43572,58894,58297"
235089,235089,"40015,55579,17701,43747,37458,52742,55435,32894,28340,33777"
235299,235299,"14154,1979,20831,24104,32142,48486,51370,11704,48084,24544"
236155,236155,"27579,37409,46546,59764,33976,12637,30859,27689,52154,21781"
236230,236230,"7436,19603,27919,23373,39482,39023,62579,38438,3976,20586"
236586,236586,"12473,27329,50014,2136,18269,31753,26793,52576,52167,41060"
237764,237764,"62183,54764,52333,38928,52171,5097,36022,21351,28121,63722"
237902,237902,"20907,64400,20664,12678,58016,35534,4602,971,5243,29714"
238553,238553,"25589,9195,65038,43095,10152,49716,21574,18881,57476,6257"
239091,239091,"53725,21777,56366,58132,27071,719,52848,23227,33447,59518"
239140,239140,"61863,26718,54850,30261,58865,2636,5818,21402,45307,18387"
239970,239970,"28031,62988,7857,49283,28006,11628,62606,9040,64077,34161"
239971,239971,"46592,56413,13737,44808,39556,34276,51619,10932,55346,15519"
240067,240067,"8419,26182,32685,26113,3215,14902,62317,8691,59519,6829"
240399,240399,"7028,35109,28880,45332,3450,18986,60411,51753,22326,17215"
240705,240705,"53943,20098,29051,64366,30293,17923,23544,40409,35058,4440"
241036,241036,"27141,30479,7959,60046,13763,11905,52046,56361,31539,46179"
241104,241104,"51031,34751,34059,26211,34266,17193,37570,25270,23687,25627"
241240,241240,"42997,52490,61324,11135,26792,34383,41575,13398,30052,53786"
241861,241861,"51457,6289,26397,46845,50043,20460,58943,25190,23449,55277"
242783,242783,"40643,31594,46237,15900,34208,5663,51300,43318,10455,43386"
243016,243016,"12798,13049,56516,28385,24243,54062,40930,37641,56054,57177"
243126,243126,"45658,7645,10871,61193,61266,3442,61482,52039,32837,44003"
243160,243160,"42636,50129,53319,2548,33240,15240,13086,47107,44990,28802"
243361,243361,"15192,43245,3965,27907,3203,42188,27117,7555,48937,37302"
243763,243763,"24380,48467,59229,39215,31571,26304,60561,20373,28765,344"
243904,243904,"41768,7817,54091,60707,43883,40208,35864,11742,34010,1820"
244214,244214,"59377,18046,51614,55932,5283,64768,35862,2156,32924,6351"
244716,244716,"40015,55579,17701,43747,37458,52742,55435,32894,28340,33777"
245317,245317,"58144,52874,21028,61104,62357,34900,65164,9723,57728,19346"
245752,245752,"11317,34727,31946,7005,24229,54777,63498,733,37692,41933"
246626,246626,"32206,27199,22821,5492,54612,36015,16221,37926,41400,48102"
246721,246721,"47331,10688,61253,5132,42564,4990,23549,65007,17934,51954"
246951,246951,"47684,6600,60078,40510,6646,45031,48901,42420,28224,34336"
247019,247019,"40099,23494,28843,32303,40311,22971,5752,40679,36848,19996"
247070,247070,"42224,19085,49317,25770,58704,49139,52805,28524,27276,17130"
247619,247619,"43556,31385,50562,36871,37043,6617,23848,42497,22299,35933"
248088,248088,"62874,54691,15880,8401,5775,51520,29322,26313,20460,63373"
248851,248851,"34020,55774,15494,16733,22727,59387,19222,43856,40865,33577"
249771,249771,"48132,48693,19334,65252,35041,12926,53033,51900,22600,33296"
249824,249824,"40732,63276,50861,7622,37692,63498,57299,5554,26794,13595"
250206,250206,"46691,29314,56485,37286,28578,60950,1746,21297,4108,9656"
250503,250503,"40015,55579,17701,43747,37458,52742,55435,32894,28340,33777"
250594,250594,"2300,20905,4608,15949,42940,13803,36652,45626,61900,46811"
250895,250895,"23099,9447,10370,13622,21920,6616,20193,41538,22799,50060"
251101,251101,"40015,55579,17701,43747,37458,52742,55435,32894,28340,33777"
251383,251383,"5981,53576,40487,32046,36452,54378,51840,55944,59166,58795"
251387,251387,"51867,33235,16369,2104,48300,59873,8392,33459,10598,22140"
251649,251649,"5300,45731,51204,34359,45101,22164,63586,8452,38733,24236"
251768,251768,"63851,40608,16728,33990,46538,40258,58055,32341,22810,35719"
252324,252324,"4864,61462,18894,23133,49124,36667,40234,34019,51261,12873"
252702,252702,"25003,45805,10869,46775,45621,18704,38906,4482,55416,34170"
253294,253294,"53707,7079,9276,8010,24303,35395,16214,40248,56287,25124"
253425,253425,"7882,36644,11443,47982,23751,12893,17907,46962,49447,13564"
253858,253858,"21477,50636,31440,62078,58383,21582,41950,3314,734,63465"
253923,253923,"55853,14530,19804,14472,15430,1369,65265,14763,44252,35896"
254163,254163,"23695,54820,13360,55444,20423,57160,9638,61893,54294,53744"
255499,255499,"17610,174,17051,586,43310,13782,22364,59442,14183,16006"
256088,256088,"21805,718,63806,48244,63281,36250,29606,47385,25760,35013"
256326,256326,"40015,55579,17701,43747,37458,52742,55435,32894,28340,33777"
256790,256790,"29204,49658,8612,16670,28966,64336,55165,59204,56959,45049"
257225,257225,"7217,45031,64498,29193,18507,52634,13713,12894,7237,64555"
257370,257370,"14643,8382,3061,7312,60886,53105,25689,12853,38107,55998"
257767,257767,"53725,21777,56366,58132,27071,40297,719,52848,23227,33447"
257790,257790,"10597,40548,16549,6443,6427,54538,56621,21996,34562,19934"
257797,257797,"29836,58797,20119,40752,12866,48274,42878,14165,33795,63556"
257872,257872,"55255,22266,10264,45034,41966,16272,34619,11959,51773,2076"
257984,257984,"48639,63852,12476,35596,42908,49951,2586,13496,2619,64362"
258196,258196,"3276,60199,35657,9792,26882,19722,46347,47128,38187,62900"
258318,258318,"11260,18798,36862,48485,44330,63579,41908,2702,33557,62058"
258774,258774,"59276,11410,7248,52976,48246,15666,63224,23320,4820,56427"
259089,259089,"21940,36027,5299,62122,58105,52371,12240,63391,6018,41214"
259659,259659,"51522,63389,52727,59656,28977,38497,1802,23848,43342,43968"
259716,259716,"46628,45894,49949,60800,16426,50104,1751,5582,19089,18662"
260727,260727,"40015,55579,17701,43747,37458,52742,55435,32894,28340,33777"
260969,260969,"60940,34443,30350,40499,7127,30311,43786,20273,29240,28496"
261281,261281,"31573,11811,33832,35927,15037,6559,21002,25485,12851,60997"
261427,261427,"58522,56341,64506,33863,5307,55998,43503,39792,58611,15171"
261566,261566,"1395,62748,5253,62359,25289,25204,37731,62520,12917,63970"
262161,262161,"51045,33673,54493,49675,10501,59263,25197,13473,46558,24946"
262588,262588,"2758,10331,17457,52684,7287,32468,63844,19115,54462,20901"
263157,263157,"23502,45395,11245,2406,24115,18587,14719,52946,43973,49815"
265621,265621,"36379,45347,60141,8116,32630,63958,54068,31790,7562,49633"
265797,265797,"17025,17310,3540,31546,34360,47058,54670,3279,30876,21771"
265948,265948,"13356,17108,54197,43399,23300,43107,17028,22219,59464,47644"
266772,266772,"40015,55579,17701,43747,37458,52742,55435,32894,28340,33777"
266781,266781,"25343,20638,63647,17311,64950,802,5849,7971,11778,41623"
267245,267245,"6123,40014,31090,1143,14004,48368,14431,35511,25625,33342"
267355,267355,"11709,45005,24310,39265,34400,60302,51045,42386,63477,51091"
267363,267363,"25027,50174,34737,20691,29577,52165,27717,40564,1799,54198"
267517,267517,"23824,964,37013,3098,6700,53795,58178,63876,33209,64905"
268334,268334,"52632,22015,18972,5765,25613,24629,39185,313,60336,2201"
268407,268407,"40015,55579,17701,43747,37458,52742,55435,32894,28340,33777"
268500,268500,"8744,53831,34614,41601,15434,32833,22985,59639,3338,6391"
268839,268839,"3750,20863,48042,46207,18514,25135,49008,38658,13452,28459"
269034,269034,"55880,56055,1388,41279,58218,60389,49962,27142,16379,60672"
271578,271578,"12013,60180,23287,56826,19518,23202,31986,55675,8860,52"
271757,271757,"40015,55579,17701,43747,37458,52742,55435,32894,28340,33777"
272173,272173,"57830,17683,7126,5428,12667,30838,59576,60667,50253,51248"
272198,272198,"3302,49044,18234,16077,61951,24588,23126,24500,52181,24758"
272678,272678,"56875,48597,52037,49581,53782,11100,46081,31614,56982,33575"
272900,272900,"19787,56083,42335,47821,35783,5269,44673,4420,46125,5396"
273464,273464,"49554,52686,61449,24704,33414,25074,59109,65031,48353,42556"
274387,274387,"62286,59126,54054,16640,42729,19909,45864,5543,27971,39824"
274681,274681,"26375,49817,6055,44896,59355,13057,6885,45590,11330,32004"
274787,274787,"43554,7681,54864,16737,8991,3923,26692,59867,17205,17339"
275440,275440,"46008,22662,29722,62026,24386,31916,35490,44400,4841,24915"
275807,275807,"10499,10268,63068,16250,16658,51655,51484,15970,47228,28691"
276067,276067,"30659,3423,50490,30689,25434,16655,28755,9295,41912,16069"
276454,276454,"2717,24351,25416,64056,29431,27938,7885,43875,51528,46485"
276754,276754,"38981,39172,1167,19618,991,40878,19906,534,29012,14292"
277105,277105,"27125,30220,16961,36589,13548,11927,8371,27174,20424,60447"
277404,277404,"53282,49125,8519,20053,27266,2922,20074,50702,61133,6838"
277435,277435,"42681,36214,14550,40280,4698,48034,19632,27335,6429,33139"
277583,277583,"24527,19944,2344,34807,14790,22753,50749,28246,12751,50746"
277756,277756,"58489,6888,40989,12237,26249,41866,44108,62758,20068,43983"
277943,277943,"9071,22912,355,29193,57928,56632,18885,19687,51443,43075"
278150,278150,"55174,39108,19127,50033,23564,48919,11369,53926,23532,10885"
278359,278359,"61339,2630,1728,10663,59060,11346,31174,39064,56010,62699"
278586,278586,"3500,31115,33508,14035,63315,38312,6629,1829,32206,5492"
279235,279235,"45884,34027,17211,8880,34370,61076,55356,40034,30733,59470"
279512,279512,"38500,46687,28321,13000,36699,5200,51983,38433,32471,22894"
279614,279614,"48639,63852,12476,35596,42908,49951,2586,13496,2619,64362"
279777,279777,"20922,25860,11905,31539,31279,64102,23766,15608,1760,31146"
279901,279901,"37851,18210,46154,49418,670,1770,32247,430,44746,50919"
280250,280250,"54678,15564,17157,38797,30140,64499,26641,60990,24087,62168"
280338,280338,"45885,62325,32770,14502,14075,99,48979,27008,40156,39029"
281507,281507,"27204,29576,63537,36318,61920,48542,52665,56416,2012,6920"
281843,281843,"4174,32820,60426,9591,51175,6961,57795,29957,61807,6093"
282002,282002,"53148,35996,8872,48938,40095,41393,33879,52956,17402,59942"
282166,282166,"60427,33814,20726,44262,1014,52291,25955,42152,658,37809"
284189,284189,"30437,10882,41693,48186,28793,1952,46215,45236,38730,12109"
285510,285510,"37393,53955,6488,28083,12378,63134,15940,4652,14269,26470"
285875,285875,"701,33634,28756,32044,64915,36586,115,64201,23094,53038"
285934,285934,"32701,59727,45305,45539,3492,2651,27299,35229,8000,51923"
286491,286491,"60178,16184,36541,33762,8939,62162,21909,19549,2519,45846"
286856,286856,"59934,3986,48648,55603,16711,19988,55336,18472,53604,14467"
286962,286962,"63910,3134,2211,31291,12384,51890,26197,36585,41974,24119"
287100,287100,"57661,49678,50739,12192,46130,43612,24487,17387,23651,38232"
287513,287513,"48914,44035,56760,14485,60811,54497,9062,34318,41051,16414"
287536,287536,"41536,17319,47490,19340,25727,26233,36054,51924,14623,48954"
288059,288059,"10426,39826,27562,29287,34733,47514,31746,32502,8954,55955"
288495,288495,"22763,12102,48558,12999,34445,43270,32129,3745,27968,2060"
288583,288583,"60744,57765,3987,386,26460,61955,18034,43964,54911,47922"
288765,288765,"16767,61018,60007,57191,4636,5695,39482,35591,53002,30038"
288809,288809,"3129,50197,19710,24470,53826,6343,2023,33132,7666,43345"
288956,288956,"60436,40278,41511,46753,20624,19440,51537,39177,39258,44062"
290428,290428,"31592,26662,11565,8429,55637,4947,58110,36646,8184,36606"
291023,291023,"54753,60249,34321,65127,4107,40414,58288,48855,61254,33929"
291872,291872,"19603,61449,40512,28388,50755,19251,63357,41350,12087,12385"
292364,292364,"9507,37021,16353,17154,11394,64312,10190,3672,18714,56166"
292387,292387,"64852,3792,38804,17798,18698,27149,9387,31715,41347,11899"
292456,292456,"26584,14172,56951,39698,62761,5587,28601,56672,54603,18208"
292531,292531,"62216,30384,12794,40865,11257,64145,37336,22588,35826,23724"
292892,292892,"59230,52084,53332,55559,14790,53637,53898,26707,6229,31693"
293001,293001,"3426,35399,39387,53645,38457,51544,58621,8167,45564,51912"
293603,293603,"44320,19034,54731,56230,53885,33107,20342,21409,15901,35938"
293844,293844,"21572,19596,62584,43601,65177,14581,58202,17309,20356,15477"
294133,294133,"39946,58173,17128,13896,19381,15201,34728,2352,39211,6936"
294429,294429,"21825,25539,27087,20331,30009,1465,29747,31108,56840,31427"
294450,294450,"23833,10049,43501,41810,59521,57054,584,44085,61456,20481"
294601,294601,"40015,55579,17701,43747,37458,52742,55435,32894,28340,33777"
294766,294766,"31647,53259,16505,7866,2932,54695,20965,38558,6014,14708"
295074,295074,"10609,43355,2249,21783,24375,27267,9913,61382,30578,55542"
295274,295274,"56025,9990,39857,14619,52728,25906,47786,25185,515,16487"
297085,297085,"46281,53167,3901,3746,11268,33300,60340,18859,61230,41319"
297200,297200,"64364,35242,46888,33390,55236,12948,31639,47803,22182,11439"
297844,297844,"23524,19408,48627,38649,33492,2812,60030,18887,45092,38109"
299012,299012,"55898,45682,3852,38527,17082,15717,40652,46323,15601,32928"
299074,299074,"60449,58755,21341,64315,19362,50146,17881,2697,65047,57731"
299249,299249,"5171,44135,24920,42192,61535,42350,49723,44033,30368,34982"
299294,299294,"14054,5258,41052,59921,9589,36302,44341,19762,34840,59313"
299476,299476,"35056,16311,56362,30002,6526,27080,65100,31879,58819,48469"
299739,299739,"52198,32670,8374,17302,32385,9857,27320,25208,62136,3444"
300269,300269,"64621,22938,46855,16451,28371,5192,40465,4958,29369,32451"
300617,300617,"35514,22770,58375,24817,20256,7038,38596,49478,34741,38634"
302027,302027,"42555,39602,60797,18643,44390,30884,28975,54468,48560,12085"
302734,302734,"16170,5711,33165,52424,62990,936,48870,12205,5628,54718"
302749,302749,"45908,1081,50668,29655,52125,2576,14246,60446,52805,16721"
302827,302827,"37082,20647,33469,53584,62923,53507,19515,13263,2849,64347"
302869,302869,"32828,18536,39031,31410,6112,36923,26643,31386,1914,27422"
303624,303624,"1330,60243,8565,34470,14627,36908,12401,21845,7632,57581"
304249,304249,"43690,38514,59161,64800,15536,28030,37883,62673,52283,58859"
304344,304344,"54542,14197,41730,40606,45097,24028,16499,23589,57484,39507"
304566,304566,"28412,64380,13221,58845,53987,63925,8436,45946,38157,18177"
305234,305234,"41223,50479,37120,19266,43225,47703,45190,22250,6436,54857"
305740,305740,"61310,7360,42456,63449,59184,23343,51290,45668,39227,31004"
306146,306146,"40015,55579,17701,43747,37458,52742,55435,32894,28340,33777"
306308,306308,"60912,32038,47545,14285,57592,22059,23550,59391,43291,46394"
306692,306692,"14763,40392,59959,22925,35896,33672,63479,18631,43162,4961"
306989,306989,"22507,50028,46136,1546,21283,46875,3785,42553,34826,9408"
307108,307108,"20795,31016,8098,37978,61101,12920,3888,2228,48331,2837"
307495,307495,"24022,29087,15471,13925,50866,31062,38522,53347,23794,40556"
307637,307637,"12291,40480,43005,54615,52938,51070,41245,3309,16115,23856"
307669,307669,"50814,18432,55718,26339,25917,38023,55818,228,55324,15789"
308254,308254,"38111,31718,58643,4842,14532,35888,37374,25005,58074,37505"
308551,308551,"37539,42373,8412,45965,39387,20003,30019,5517,24502,8167"
308805,308805,"15104,30633,37051,42386,24946,51091,62700,63477,46884,46558"
309506,309506,"59271,40692,37529,62946,9170,52772,50820,49980,24818,37093"
309594,309594,"40015,55579,17701,43747,37458,52742,55435,32894,28340,33777"
309777,309777,"53091,16468,50026,17067,14340,39888,53426,31259,46405,37141"
310087,310087,"64244,20263,58500,41631,56829,38600,48579,62140,64741,6525"
310171,310171,"4179,26673,36374,34611,51478,15640,20676,57473,43321,7296"
310215,310215,"20263,64244,3402,58500,41631,56829,38600,48579,62140,6525"
310217,310217,"60913,33168,65064,43281,27568,47452,25552,60894,34610,18386"
310925,310925,"4903,56171,60009,8,40959,63034,34863,59013,28860,17870"
311752,311752,"41109,36869,19355,19092,25524,4998,64949,2584,26800,45067"
312232,312232,"30562,4785,34968,10107,20665,30323,23093,8603,36046,47243"
312362,312362,"42636,50129,53319,2548,33240,15240,47107,44990,28802,29760"
312363,312363,"59204,56959,15838,47299,24179,64336,45049,12763,55165,13955"
312438,312438,"32449,21087,48670,50162,3254,26628,39849,22996,5018,30489"
312583,312583,"5830,46102,48516,52784,39336,41599,33727,58880,56512,25350"
312698,312698,"26873,20599,40496,45550,42371,18246,12354,19353,45231,39549"
313486,313486,"61393,5837,5131,20807,49938,57781,53624,23476,53970,14853"
314436,314436,"40015,55579,17701,43747,37458,52742,55435,32894,28340,33777"
314808,314808,"57838,4147,7685,36472,42254,10646,1234,30062,32286,50701"
314950,314950,"24990,47840,12726,64296,29096,54693,9661,51686,53182,38565"
315077,315077,"1216,60434,14191,5881,25193,52406,42531,65150,3567,8681"
315663,315663,"20290,17974,5218,29091,49330,42404,63426,35811,52670,53274"
316797,316797,"36007,1507,56671,33441,30570,61585,59012,30221,19112,38272"
317430,317430,"49106,34804,42023,53780,63596,698,42524,36992,15003,51568"
318059,318059,"40015,55579,17701,43747,37458,52742,55435,32894,28340,33777"
318394,318394,"13868,20429,22744,22334,59973,61620,47559,724,65294,28749"
319548,319548,"45894,49658,8612,5582,35241,18662,50104,46628,35457,19089"
319942,319942,"40015,55579,17701,43747,37458,52742,55435,32894,28340,33777"
320068,320068,"43594,23064,65159,60682,47450,56186,11072,57297,5657,29112"
320221,320221,"29644,5496,60191,27748,12180,13368,5715,28337,38540,32342"
320630,320630,"46498,45925,39546,42116,44761,5829,10702,50360,63450,51077"
320846,320846,"47080,17590,31965,32795,12280,47373,14517,4888,52981,13984"
320984,320984,"20647,62923,37082,53584,57615,53507,19515,2849,64347,50049"
321080,321080,"48562,39726,624,54220,10952,38245,10533,47371,57438,60783"
321310,321310,"19059,7357,3354,8583,44785,23451,16925,35895,32077,22880"
321542,321542,"45911,52898,44606,11777,37190,30438,63895,21649,62123,17591"
321936,321936,"34010,1743,47758,27743,25978,41882,29093,33296,5447,59150"
321980,321980,"40015,55579,17701,43747,37458,52742,55435,32894,28340,33777"
322774,322774,"53472,4910,61282,3882,11709,8027,1904,24946,33673,54493"
323056,323056,"28816,43508,48666,2051,62719,50516,45117,29054,18233,41226"
323427,323427,"42636,50129,53319,2548,33240,15240,13086,47107,44990,28802"
323497,323497,"7193,1135,3589,26518,7981,65064,59659,57043,33785,52799"
